name,barcode,category,unit,supplier,unit_cost,sale_price,vat_amount,opening_quantity,available_quantity,stock_limit,pack_size,pack_quantity,is_bar,pack_unit,package,is_matrial
Test-product-1,12345,Fish 1,Upload Unit 1,Upload 1,100,100,0,40,40,9,30,30,1,Ml,New Package,
Test-product-2,12346,Fish 2,Upload Unit 2,Upload 2,100,100,0,41,41,10,,,,,,1
Test-product-3,12347,Fish 3,Upload Unit 3,Upload 3,100,100,0,42,42,11,,,,,,
Test-product-4,12348,Fish 4,Upload Unit 4,Upload 4,100,100,0,43,43,12,,,,,,
Test-product-5,12349,Fish 5,Upload Unit 5,Upload 5,100,100,0,44,44,13,,,,,,
Test-product-6,12350,Fish 6,Upload Unit 6,Upload 6,100,100,0,45,45,14,,,,,,
Test-product-7,12351,Fish 7,Upload Unit 7,Upload 7,100,100,0,46,46,15,,,,,,
Test-product-8,12352,Fish 8,Upload Unit 8,Upload 8,100,100,0,47,47,16,,,,,,
Test-product-9,12353,Fish 9,Upload Unit 9,Upload 9,100,100,0,48,48,17,,,,,,
Test-product-10,12354,Fish 10,Upload Unit 10,Upload 10,100,100,0,49,49,18,,,,,,
Test-product-11,12355,Fish 11,Upload Unit 11,Upload 11,100,100,0,50,50,19,,,,,,
Test-product-12,12356,Fish 12,Upload Unit 12,Upload 12,100,100,0,51,51,20,,,,,,
Test-product-13,12357,Fish 13,Upload Unit 13,Upload 13,100,100,0,52,52,21,,,,,,
Test-product-14,12358,Fish 14,Upload Unit 14,Upload 14,100,100,0,53,53,22,,,,,,
