name,barcode,category_id,unit_id,supplier_id,unit_cost,sale_price,vat_amount,opening_quantity,available_quantity,stock_limit,pack_size,pack_quantity,is_bar,pack_unit_id,package_id,is_matrial
Test-product-1,12345,6,22,1,100,100,0,40,40,9,,,,,,
Test-product-2,12346,6,22,1,100,100,0,41,41,10,,,,,,
Test-product-3,12347,6,22,1,100,100,0,42,42,11,,,,,,
Test-product-4,12348,6,22,1,100,100,0,43,43,12,,,,,,
Test-product-5,12349,6,22,1,100,100,0,44,44,13,,,,,,
Test-product-6,12350,6,22,1,100,100,0,45,45,14,,,,,,
Test-product-7,12351,6,22,1,100,100,0,46,46,15,,,,,,
Test-product-8,12352,6,22,1,100,100,0,47,47,16,,,,,,
Test-product-9,12353,6,22,1,100,100,0,48,48,17,,,,,,
Test-product-10,12354,6,22,1,100,100,0,49,49,18,,,,,,
Test-product-11,12355,6,22,1,100,100,0,50,50,19,,,,,,
Test-product-12,12356,6,22,1,100,100,0,51,51,20,,,,,,
Test-product-13,12357,6,22,1,100,100,0,52,52,21,,,,,,
Test-product-14,12358,6,22,1,100,100,0,53,53,22,,,,,,
